<assembly
	xmlns="http://maven.apache.org/plugins/maven-assembly-plugin/assembly/1.1.0"
	xmlns:xsi="http://www.w3.org/2001/XMLSchema-instance"
	xsi:schemaLocation="http://maven.apache.org/plugins/maven-assembly-plugin/assembly/1.1.0 http://maven.apache.org/xsd/assembly-1.1.0.xsd">

	<baseDirectory>${project.artifactId}</baseDirectory>

	<formats>
		<format>zip</format>
	</formats>

	<fileSets>
		<fileSet>
			<includes>
				<include>LICENSE</include>
			</includes>
		</fileSet>
		<fileSet>
			<directory>target/lib</directory>
			<outputDirectory>lib</outputDirectory>
			<includes>
				<include>org.eclipse.paho.client.mqttv3-1.1.0.jar</include>
				<include></include>
			</includes>
		</fileSet>
		<fileSet>
			<directory>target</directory>
			<outputDirectory>.</outputDirectory>
			<includes>
				<include>*.jar</include>
				<include>logo.png</include>
				<include>plugin.xml</include>
				<include>version.xml</include>
			</includes>
		</fileSet>
	</fileSets>
</assembly>
